income_key,date,net_income,hpf_deposit,note
income_2024_09,2024-09-10,18500.00,4400.00,工资到账
income_2024_10,2024-10-10,18500.00,4400.00,工资到账
income_2024_11,2024-11-10,18500.00,4400.00,工资到账
income_2024_12,2024-12-10,18500.00,4400.00,工资到账
income_2025_01,2025-01-10,18500.00,4400.00,工资到账
income_2025_02,2025-02-10,18500.00,4400.00,工资到账
income_2025_03,2025-03-10,0,0,空窗月明确零收入
income_2025_04,2025-04-10,19800.00,4752.00,工资到账
income_2025_05,2025-05-10,19800.00,4752.00,工资到账
income_2025_06,2025-06-10,19800.00,4752.00,工资到账
income_2025_06_bonus,2025-06-10,19800.00,,年中奖金与工资同日到账
income_2025_07,2025-07-10,19800.00,4752.00,工资到账
income_2025_08,2025-08-10,19800.00,4752.00,工资到账
income_2025_09,2025-09-10,19800.00,4752.00,工资到账
income_2025_10,2025-10-10,19800.00,4752.00,工资到账
income_2025_11,2025-11-10,19800.00,4752.00,工资到账
income_2025_12,2025-12-10,19800.00,4752.00,工资到账
income_2026_01,2026-01-10,19800.00,4752.00,工资到账
income_2026_02,2026-02-10,19800.00,,工资到账
income_2026_03,2026-03-10,19800.00,4752.00,工资到账
income_2026_04,2026-04-10,19800.00,4752.00,工资到账
income_2026_05,2026-05-10,19800.00,4752.00,工资到账
income_2026_06,2026-06-10,19800.00,4752.00,工资到账
income_2026_07,2026-07-10,19800.00,4752.00,工资到账
income_2026_08,2026-08-10,19800.00,4752.00,工资到账
