snapshot_key,date,account_key,amount,note,kind_at_date,counted_at_date
snap_2024_09,2024-09-30,acc_cash,12000.00,2024年9月月底盘点,,
snap_2024_09,2024-09-30,acc_bank,80000.00,2024年9月月底盘点,,
snap_2024_09,2024-09-30,acc_fund,45000.00,2024年9月月底盘点,,
snap_2024_09,2024-09-30,acc_hpf,32400.00,2024年9月月底盘点,,
snap_2024_09,2024-09-30,acc_card,8000.00,2024年9月月底盘点,,
snap_2024_09,2024-09-30,acc_loan,680000.00,2024年9月月底盘点,,
snap_2024_10,2024-10-31,acc_cash,12050.00,2024年10月月底盘点,,
snap_2024_10,2024-10-31,acc_bank,80300.00,2024年10月月底盘点,,
snap_2024_10,2024-10-31,acc_fund,45800.00,2024年10月月底盘点,,
snap_2024_10,2024-10-31,acc_hpf,34800.00,2024年10月月底盘点,,
snap_2024_10,2024-10-31,acc_card,7550.00,2024年10月月底盘点,,
snap_2024_10,2024-10-31,acc_loan,677900.00,2024年10月月底盘点,,
snap_2024_11,2024-11-30,acc_cash,12100.00,2024年11月月底盘点,,
snap_2024_11,2024-11-30,acc_bank,80600.00,2024年11月月底盘点,,
snap_2024_11,2024-11-30,acc_fund,45100.00,2024年11月月底盘点,,
snap_2024_11,2024-11-30,acc_hpf,37200.00,2024年11月月底盘点,,
snap_2024_11,2024-11-30,acc_card,7100.00,2024年11月月底盘点,,
snap_2024_11,2024-11-30,acc_loan,675800.00,2024年11月月底盘点,,
snap_2024_12,2024-12-31,acc_cash,12150.00,2024年12月月底盘点,,
snap_2024_12,2024-12-31,acc_bank,80900.00,2024年12月月底盘点,,
snap_2024_12,2024-12-31,acc_fund,47400.00,2024年12月月底盘点,,
snap_2024_12,2024-12-31,acc_hpf,39600.00,2024年12月月底盘点,,
snap_2024_12,2024-12-31,acc_card,6650.00,2024年12月月底盘点,,
snap_2024_12,2024-12-31,acc_loan,673700.00,2024年12月月底盘点,,
snap_2025_01,2025-01-31,acc_cash,12200.00,2025年1月月底盘点,,
snap_2025_01,2025-01-31,acc_bank,81200.00,2025年1月月底盘点,,
snap_2025_01,2025-01-31,acc_fund,48200.00,2025年1月月底盘点,,
snap_2025_01,2025-01-31,acc_hpf,42000.00,2025年1月月底盘点,,
snap_2025_01,2025-01-31,acc_card,6200.00,2025年1月月底盘点,,
snap_2025_01,2025-01-31,acc_loan,671600.00,2025年1月月底盘点,,
snap_2025_02,2025-02-28,acc_cash,12250.00,2025年2月月底盘点,,
snap_2025_02,2025-02-28,acc_bank,81500.00,2025年2月月底盘点,,
snap_2025_02,2025-02-28,acc_fund,47500.00,2025年2月月底盘点,,
snap_2025_02,2025-02-28,acc_hpf,44400.00,2025年2月月底盘点,,
snap_2025_02,2025-02-28,acc_card,5750.00,2025年2月月底盘点,,
snap_2025_02,2025-02-28,acc_loan,669500.00,2025年2月月底盘点,,
snap_2025_03,2025-03-31,acc_cash,12300.00,2025年3月月底盘点,,
snap_2025_03,2025-03-31,acc_bank,81800.00,2025年3月月底盘点,,
snap_2025_03,2025-03-31,acc_fund,49800.00,2025年3月月底盘点,,
snap_2025_03,2025-03-31,acc_hpf,46800.00,2025年3月月底盘点,,
snap_2025_03,2025-03-31,acc_card,5300.00,2025年3月月底盘点,,
snap_2025_03,2025-03-31,acc_loan,667400.00,2025年3月月底盘点,,
snap_2025_04,2025-04-30,acc_cash,12350.00,2025年4月月底盘点,,
snap_2025_04,2025-04-30,acc_bank,82100.00,2025年4月月底盘点,,
snap_2025_04,2025-04-30,acc_fund,50600.00,2025年4月月底盘点,,
snap_2025_04,2025-04-30,acc_hpf,49200.00,2025年4月月底盘点,,
snap_2025_04,2025-04-30,acc_card,4850.00,2025年4月月底盘点,,
snap_2025_04,2025-04-30,acc_loan,665300.00,2025年4月月底盘点,,
snap_2025_05,2025-05-31,acc_cash,12400.00,2025年5月月底盘点,,
snap_2025_05,2025-05-31,acc_bank,82400.00,2025年5月月底盘点,,
snap_2025_05,2025-05-31,acc_fund,49900.00,2025年5月月底盘点,,
snap_2025_05,2025-05-31,acc_hpf,51600.00,2025年5月月底盘点,,
snap_2025_05,2025-05-31,acc_card,4400.00,2025年5月月底盘点,,
snap_2025_05,2025-05-31,acc_loan,663200.00,2025年5月月底盘点,,
snap_2025_06,2025-06-30,acc_cash,12450.00,2025年6月月底盘点,,
snap_2025_06,2025-06-30,acc_bank,82700.00,2025年6月月底盘点,,
snap_2025_06,2025-06-30,acc_fund,52200.00,2025年6月月底盘点,,
snap_2025_06,2025-06-30,acc_hpf,54000.00,2025年6月月底盘点,,
snap_2025_06,2025-06-30,acc_card,3950.00,2025年6月月底盘点,,
snap_2025_06,2025-06-30,acc_loan,661100.00,2025年6月月底盘点,,
snap_2025_07,2025-07-31,acc_cash,12500.00,2025年7月月底盘点,,
snap_2025_07,2025-07-31,acc_bank,83000.00,2025年7月月底盘点,,
snap_2025_07,2025-07-31,acc_fund,53000.00,2025年7月月底盘点,,
snap_2025_07,2025-07-31,acc_hpf,56400.00,2025年7月月底盘点,,
snap_2025_07,2025-07-31,acc_card,3500.00,2025年7月月底盘点,,
snap_2025_07,2025-07-31,acc_loan,659000.00,2025年7月月底盘点,,
snap_2025_08,2025-08-31,acc_cash,12550.00,2025年8月月底盘点,,
snap_2025_08,2025-08-31,acc_bank,83300.00,2025年8月月底盘点,,
snap_2025_08,2025-08-31,acc_fund,52300.00,2025年8月月底盘点,,
snap_2025_08,2025-08-31,acc_hpf,58800.00,2025年8月月底盘点,,
snap_2025_08,2025-08-31,acc_card,3050.00,2025年8月月底盘点,,
snap_2025_08,2025-08-31,acc_loan,656900.00,2025年8月月底盘点,,
snap_2025_09,2025-09-30,acc_cash,12600.00,2025年9月月底盘点,,
snap_2025_09,2025-09-30,acc_bank,83600.00,2025年9月月底盘点,,
snap_2025_09,2025-09-30,acc_fund,54600.00,2025年9月月底盘点,,
snap_2025_09,2025-09-30,acc_hpf,61200.00,2025年9月月底盘点,,
snap_2025_09,2025-09-30,acc_card,2600.00,2025年9月月底盘点,,
snap_2025_09,2025-09-30,acc_loan,654800.00,2025年9月月底盘点,,
snap_2025_10,2025-10-31,acc_cash,12650.00,2025年10月月底盘点,,
snap_2025_10,2025-10-31,acc_bank,83900.00,2025年10月月底盘点,,
snap_2025_10,2025-10-31,acc_fund,55400.00,2025年10月月底盘点,,
snap_2025_10,2025-10-31,acc_hpf,63600.00,2025年10月月底盘点,,
snap_2025_10,2025-10-31,acc_card,2150.00,2025年10月月底盘点,,
snap_2025_10,2025-10-31,acc_loan,652700.00,2025年10月月底盘点,,
snap_2025_11,2025-11-30,acc_cash,12700.00,2025年11月月底盘点,,
snap_2025_11,2025-11-30,acc_bank,84200.00,2025年11月月底盘点,,
snap_2025_11,2025-11-30,acc_fund,54700.00,2025年11月月底盘点,,
snap_2025_11,2025-11-30,acc_hpf,66000.00,2025年11月月底盘点,,
snap_2025_11,2025-11-30,acc_card,1700.00,2025年11月月底盘点,,
snap_2025_11,2025-11-30,acc_loan,650600.00,2025年11月月底盘点,,
snap_2025_12,2025-12-31,acc_cash,12750.00,2025年12月月底盘点,,
snap_2025_12,2025-12-31,acc_bank,84500.00,2025年12月月底盘点,,
snap_2025_12,2025-12-31,acc_fund,57000.00,2025年12月月底盘点,,
snap_2025_12,2025-12-31,acc_hpf,68400.00,2025年12月月底盘点,,
snap_2025_12,2025-12-31,acc_card,0.00,2025年12月月底盘点,,
snap_2025_12,2025-12-31,acc_loan,648500.00,2025年12月月底盘点,,
snap_2026_01,2026-01-31,acc_cash,12800.00,2026年1月月底盘点,,
snap_2026_01,2026-01-31,acc_bank,84800.00,2026年1月月底盘点,,
snap_2026_01,2026-01-31,acc_fund,57800.00,2026年1月月底盘点,,
snap_2026_01,2026-01-31,acc_hpf,70800.00,2026年1月月底盘点,,
snap_2026_01,2026-01-31,acc_loan,646400.00,2026年1月月底盘点,,
snap_2026_02,2026-02-28,acc_cash,12850.00,2026年2月月底盘点,,
snap_2026_02,2026-02-28,acc_bank,85100.00,2026年2月月底盘点,,
snap_2026_02,2026-02-28,acc_fund,57100.00,2026年2月月底盘点,,
snap_2026_02,2026-02-28,acc_hpf,73200.00,2026年2月月底盘点,,
snap_2026_02,2026-02-28,acc_loan,644300.00,2026年2月月底盘点,,
snap_2026_03,2026-03-31,acc_cash,12900.00,2026年3月月底盘点,,
snap_2026_03,2026-03-31,acc_bank,85400.00,2026年3月月底盘点,,
snap_2026_03,2026-03-31,acc_fund,59400.00,2026年3月月底盘点,,
snap_2026_03,2026-03-31,acc_hpf,75600.00,2026年3月月底盘点,,
snap_2026_03,2026-03-31,acc_loan,642200.00,2026年3月月底盘点,,
snap_2026_04,2026-04-30,acc_cash,12950.00,2026年4月月底盘点,,
snap_2026_04,2026-04-30,acc_bank,85700.00,2026年4月月底盘点,,
snap_2026_04,2026-04-30,acc_fund,60200.00,2026年4月月底盘点,,
snap_2026_04,2026-04-30,acc_hpf,78000.00,2026年4月月底盘点,,
snap_2026_04,2026-04-30,acc_loan,640100.00,2026年4月月底盘点,,
snap_2026_05,2026-05-31,acc_cash,13000.00,2026年5月月底盘点,,
snap_2026_05,2026-05-31,acc_bank,86000.00,2026年5月月底盘点,,
snap_2026_05,2026-05-31,acc_fund,59500.00,2026年5月月底盘点,,
snap_2026_05,2026-05-31,acc_hpf,80400.00,2026年5月月底盘点,,
snap_2026_05,2026-05-31,acc_loan,638000.00,2026年5月月底盘点,,
snap_2026_06,2026-06-30,acc_cash,13050.00,2026年6月月底盘点,,
snap_2026_06,2026-06-30,acc_bank,86300.00,2026年6月月底盘点,,
snap_2026_06,2026-06-30,acc_fund,61800.00,2026年6月月底盘点,,
snap_2026_06,2026-06-30,acc_hpf,82800.00,2026年6月月底盘点,,
snap_2026_06,2026-06-30,acc_loan,635900.00,2026年6月月底盘点,,
snap_2026_07,2026-07-31,acc_cash,13100.00,2026年7月月底盘点,,
snap_2026_07,2026-07-31,acc_bank,86600.00,2026年7月月底盘点,,
snap_2026_07,2026-07-31,acc_fund,62600.00,2026年7月月底盘点,,
snap_2026_07,2026-07-31,acc_hpf,85200.00,2026年7月月底盘点,,
snap_2026_07,2026-07-31,acc_loan,633800.00,2026年7月月底盘点,,
snap_2026_08,2026-08-31,acc_cash,13150.00,2026年8月月底盘点,,
snap_2026_08,2026-08-31,acc_bank,86900.00,2026年8月月底盘点,,
snap_2026_08,2026-08-31,acc_fund,61900.00,2026年8月月底盘点,,
snap_2026_08,2026-08-31,acc_hpf,87600.00,2026年8月月底盘点,,
snap_2026_08,2026-08-31,acc_loan,631700.00,2026年8月月底盘点,,
